{
	"info": {
		"_postman_id": "5d5b5d75-a062-45df-bd33-c7550c339394",
		"name": "Json",
		"schema": "https://schema.getpostman.com/json/collection/v2.1.0/collection.json"
	},
	"item": [
		{
			"name": "Json",
			"request": {
				"method": "POST",
				"header": [],
				"body": {
					"mode": "raw",
					"raw": "{\r\n   \r\n   \"address\":{\r\n      \"street\":\"6649 N Blue Gum St\",\r\n      \"city\":\"New Orleans\",\r\n      \"state\":\"LA\",\r\n      \"zip\":\"70116\"\r\n   },\r\n   \"first_name\":\"James\",\r\n   \"last_name\":\"Butterburg\"\r\n}",
					"options": {
						"raw": {
							"language": "json"
						}
					}
				},
				"url": {
					"raw": "http://localhost:8181/customers",
					"protocol": "http",
					"host": [
						"localhost"
					],
					"port": "8181",
					"path": [
						"customers"
					]
				}
			},
			"response": []
		}
	],
	"protocolProfileBehavior": {}
}